1.8727005942368125,479864.5515497021,33.55351153623154,2,0
4.75357153204958,1404607.2556047044,32.22809191647998,4,1
3.6599697090570253,2262675.6065916503,91.5629122468933,1,1
2.993292420985183,1897926.9055735825,32.45915798645555,2,0
0.7800932022121826,2090606.4952568777,34.47547535157679,2,0
0.7799726016810132,1707566.4865141793,78.34584361761674,2,0
0.2904180608409973,1794380.8552302737,50.4765858205486,2,0
4.330880728874676,2201115.1288573076,79.9039501259663,2,1
3.005575058716044,647139.47896301,15.882954180794671,4,1
3.540362888980227,1268589.5057630201,53.88140743060459,1,1
0.10292247147901223,573374.873196409,13.025224016495436,1,0
4.8495492608099715,2560035.476727309,15.638788310981907,1,1
4.162213204002109,2447001.8084677015,91.57937080099698,2,1
1.0616955533913808,102194.29506716729,22.532083400583566,1,0
0.9091248360355031,1828850.8471606644,57.91786140476954,1,0
0.9170225492671691,2398243.6387414057,46.99860423406359,3,1
1.5212112147976886,468051.2945700485,41.26089936329584,2,0
2.6237821581611893,1472114.0375924155,90.98500111185452,1,1
2.1597250932105787,2372945.6673482046,11.964105709794055,1,1
1.4561457009902097,87987.9764943906,69.74107175580302,3,0
3.0592644736118975,1807713.332703809,96.70549907921954,0,1
0.6974693032602092,770728.6271096516,60.41513651156578,2,0
1.4607232426760908,2396034.938415967,94.31402158297827,3,1
1.8318092164684585,2516982.971468633,14.703209135742139,0,1
2.28034992108518,2447538.739782021,47.69139871667453,3,1
3.925879806965068,1229163.249576146,33.414201186584606,2,1
0.9983689107917987,2234414.5513643003,75.77388684826568,3,1
2.571172192068058,2189072.041002902,98.31673814475221,2,1
2.9620728443102124,827108.4266465186,33.0877056199823,2,0
0.23225206359998862,2148548.9089985555,68.8757141326667,3,0
3.0377242595071916,95923.78918255688,27.82878694837661,2,1
0.8526206184364576,1545531.5250254816,60.879722911444894,3,0
0.3252579649263976,596182.9062497263,51.75392380195026,2,0
4.7444276862666666,312509.3679347067,97.48047966683833,0,1
4.828160165372797,199462.69862291013,64.76745454268199,1,1
4.041986740582305,1804780.5070761382,41.455573487813695,3,1
1.5230688458668533,880955.9060868274,20.268620639914005,2,0
0.48836057003191935,1878595.4718025497,23.612214586144113,3,0
3.4211651325607844,169403.63535085862,30.27852369561116,1,1
2.2007624686980067,817232.555656942,32.58699952062682,2,0
0.6101911742238941,1398361.4298368741,86.5554452057024,0,1
2.475884550556351,2049554.4432625936,60.510050945427245,1,0
0.17194260557609198,826206.4875999253,57.10518202369298,1,0
4.546602010393911,1622310.4477247277,20.32919846822957,0,1
1.2938999080000846,2296454.323428197,87.41257240144915,4,1
3.31261142176991,1596317.3837685334,75.05328728876353,6,1
1.5585553804470549,603830.9585614187,16.090152571000143,4,0
2.600340105889054,63246.82579454655,73.70515875067917,3,0
2.7335513967163982,2255296.2811512104,58.918439560838145,1,1
0.9242722776276352,55130.31292420346,17.355281117210044,4,0
4.847923138822793,2267226.7355974447,51.247057737579084,2,1
3.8756641168055728,1371005.0513985334,53.622665841704226,3,1
4.697494707820946,2434063.4745454267,24.91970861469482,2,1
4.474136752138244,2070446.1471253408,95.11283323002542,0,1
2.9894998940554256,2586645.2145024105,86.49778343325957,2,1
4.609371175115584,909045.0256508327,70.21201035961974,2,1
0.4424625102595975,1988552.044909481,51.606600490054646,3,0
0.979914312095726,1041804.9280751557,47.05889874260576,1,0
0.22613644455269033,1243837.6078277316,68.58761204358588,0,0
1.6266516538163218,1626494.1606620152,59.088868246621495,1,0
1.9433864484474102,2264571.07997099,15.604579529369705,3,1
1.3567451588694794,2550744.352164573,56.12523838932985,1,1
4.143687545759647,1991364.688736831,82.57632555095556,1,1
1.7837666334679465,1082851.4993777291,51.33158898372623,2,0
1.4046725484369038,1092157.3499021658,14.676091979884157,5,0
2.7134804157912424,1911813.3257184068,80.76503794456298,4,0
0.7046211248738132,618910.3618314397,28.122740392237695,2,0
4.010984903770199,286348.901236575,33.275875139923485,2,1
0.3727532183988541,919180.6326048928,24.823571808906628,5,0
4.9344346830025865,744523.4663673799,39.71935583843478,1,1
3.861223846483287,768030.6482219263,78.10763551197715,2,1
0.993578407670862,605511.2907213665,56.744727355354364,1,0
0.027610585618011996,109105.54753745,28.43931467356413,3,0
4.0773071422741705,46329.238829008595,89.00470703368367,0,1
3.534286719238086,2560176.4341957937,89.16236694563763,0,1
3.6450358402049368,1108787.9626433551,88.35205825414062,2,1
3.8563517334297286,996174.669437895,31.491659024338535,1,1
0.3702232586704518,1761645.7567404371,50.61154097628893,1,0
1.7923286427213632,565714.0773462463,98.64906905267875,2,1
0.5793452976256486,2462299.3887989842,79.48112286789913,1,1
4.315517129377968,2038206.2773651108,12.445067910300384,2,1
3.1164906341377896,231753.31799337667,15.868413213444285,2,1
1.654490124263246,1082369.3708345343,51.75382391310995,3,0
0.3177917514301182,2278674.6532011307,91.82981852754041,3,1
1.554911608578311,2448745.4017793355,58.48316181574428,1,1
1.6259166101337352,1211504.7171596624,54.80312572308612,1,0
3.64803089169032,1589962.3208341543,19.492632996096752,1,1
3.1877873567760657,432951.988270659,69.11020942518647,2,1
4.436063712881633,2569109.078947043,83.9892844540203,2,1
2.3610746258097466,600493.0499858853,44.23780067568061,1,0
0.5979712296915085,2443560.758558246,79.80506658327947,1,1
3.566223936114975,1683884.114188219,96.80289885107304,3,1
3.803925243084487,1575253.7723260028,28.338981321492017,1,1
2.8063859878474813,1328888.6205547904,57.09966680752672,5,0
3.854835899772805,597896.1519724305,35.8424162276118,2,1
2.4689779818219537,457560.65895827743,81.35689771304554,3,0
2.6136641469099704,571500.2539098945,61.98340292930418,0,0
2.137705091792748,483247.9754779077,67.11241757952735,3,0
0.12709563372047594,2020682.9554850245,81.81227436543047,0,0
0.5394571349665223,907524.6717601644,45.63734253962094,4,0
0.15714592843367126,149928.2176523234,92.3581061566339,1,1
3.182052056318902,2511914.017324983,57.9725980521526,2,1
1.5717799053816335,2290773.0138251996,24.21593405518132,3,1
2.542853455823514,2404733.918041992,72.63092063519221,1,1
4.537832369630465,2578801.0762995603,81.3935215394429,0,1
1.2464611457443748,450736.48597691103,38.5085509360774,2,0
2.0519146151781484,1027059.3129956914,87.14613312988777,2,1
3.7777556927152434,1965354.1290250046,91.55289292891898,2,1
1.1439908274581123,1804085.4419954293,34.921403864002805,0,0
0.38489954914396496,398898.1892329043,98.51693254436998,3,1
1.4487572645688402,2114639.4599756813,22.664037524388256,5,0
0.8061064362700221,581749.9622006244,28.181410156224096,1,0
4.648488261712865,580135.257620239,26.580235531422353,2,1
4.040601897822085,1391837.7041397279,90.45907390070833,2,1
3.1670187825521174,1536900.3111096947,68.88632970924657,6,1
4.357302950938589,1503583.4507156066,23.68938549000456,1,1
4.018360384495573,237133.88253498063,49.62910765315141,2,1
0.9328502944301792,2274378.555937946,65.37682225628218,1,1
4.462794992449889,688435.3103899261,17.511767649044497,1,1
2.6967112095782535,335702.6759650284,89.41747315666049,2,1
4.037200775820312,2303635.023020389,82.32431818973816,0,1
4.480456499617466,2477048.683411521,55.46860962189744,4,1
1.5900173748593194,2234634.783952048,97.04139537332534,2,1
0.5502596226383838,2098265.665686884,47.59848813475897,3,0
1.1396758127097084,1698387.2138163443,98.56992871328481,1,1
2.1355389431312815,1427822.304618889,70.11279989232644,1,0
4.090073829612465,225469.6816903751,67.12041459285473,3,1
4.303652916281717,1058710.7282792511,24.935940576620652,2,1
0.03476065265595352,966008.6360959178,89.37349824741796,2,1
2.553736512887829,673281.8075067655,48.474071912855365,0,0
2.087055015743895,1875104.934680812,24.60100652042314,1,0
1.1105390523536514,1285309.9053241739,11.134676797818313,2,0
0.599326836668414,210071.79163262344,60.37801152745443,0,0
1.6880758570181398,570714.859453911,57.46596599104087,4,0
4.714548519562596,1771006.7154056726,74.74182601322427,5,1
1.6160146601037761,197331.18779885807,90.1232247716022,0,1
2.5939531087168306,2206328.3212144086,17.146592617872656,0,1
3.515094794475889,1283419.7980202215,75.83468413063261,6,1
1.81814801189647,1245680.4084306716,26.8670749687824,0,0
4.858910413604804,1535520.9778374697,87.23593478414476,1,1
4.812236474710556,2137573.0636779866,83.71571624754905,0,1
1.2589114791268208,901521.4668824844,58.671437948698994,3,0
2.4862425294619275,1757417.8674330928,73.92185187609803,2,0
1.5043915490838482,1466377.2506770904,38.29151018653735,3,0
1.424202471887338,692137.27627914,52.405110903953315,5,0
0.18443473677266398,2277408.9246325693,83.94732079394245,5,1
3.047821669899484,2066928.2480051576,51.33386774558925,2,1
2.5133951161443076,1706707.155434639,42.20184387928976,3,0
0.25739375624994676,2204707.841812275,54.47912025252699,6,1
1.3932323211830573,2248026.568887808,84.54243271934965,3,1
4.541329429833269,1836076.8356453702,40.16872426337855,2,1
1.197809453334862,2169538.5471186377,25.63854338221694,3,1
0.7244743604561155,1807846.0286467832,74.08126182977027,1,0
2.447263801387815,1762924.8804026986,84.33803914372736,1,0
4.928252270553004,1603440.6923337576,19.057373067118,4,1
1.2102763575575022,1951041.5297334061,31.588670148035025,0,0
3.360677737029393,411104.432919647,22.77747907848945,6,1
3.8080980766435877,2283217.0078436225,41.31472704239499,2,1
1.1881877199619983,2259818.4239156414,50.53158810148714,3,1
3.641081743059298,75808.95762557731,77.39437032669758,2,1
1.838915663596266,2140517.0174638648,68.60328263935068,0,0
3.1615291529678973,334030.69649117,65.8835710730588,1,1
3.1676485538044736,868628.0702396958,41.71374519486889,4,1
2.6788734203737925,1927173.4003078474,85.7302797776284,3,1
0.4514488502720415,416689.65055721486,52.41584506583481,3,0
4.17651247794619,2120170.5265166094,98.11944442136391,5,1
1.6039003248586792,2156891.789266467,67.07279244661632,1,0
0.9325925519992712,1315356.3659080875,21.363826740805244,4,0
0.20387570777381958,16552.17949003264,70.85598058678906,1,0
2.954464715941209,744002.8411893739,39.25936138885291,1,0
3.3878218092114123,1599074.5724299238,71.76944770174876,1,1
0.08293914463928076,2543234.5734470817,16.267703334616517,0,1
2.560465291496405,1637660.6620272044,25.739329345836346,1,0
1.1324788759896898,673410.8821183022,87.01635330152077,4,1
3.2258639520472494,1643342.7824341927,30.44616013211634,2,1
0.8718321450249572,1399642.1042234974,85.3337012718646,1,1
3.45468869051233,2021359.2642317642,35.134847960896934,1,1
1.933676731502687,277293.8158394762,67.8593719052837,1,0
4.6836499436836725,1972584.3232852565,72.47355161588479,2,1
0.6876047207299663,1402962.9719284778,56.13892778305476,2,0
1.7053317552512925,2496075.2740025143,37.47796090270582,0,1
0.5673676062029454,886132.6543722743,29.13799387339865,2,0
4.623468091392814,1639755.9470031934,12.987041910618359,1,1
4.386696766904905,2415816.8494819654,37.355176111665145,2,1
1.289708138575778,265705.21495184064,68.78465114781548,2,0
3.299920230170895,2429296.2389168814,94.44743366036344,0,1
4.0861110010060795,1782999.7922037083,88.40840340367468,2,1
2.7760040579973118,175833.65720060558,78.94582988817723,0,0
2.6482528917800323,780097.5655261477,80.96026089279688,3,0
1.2092614545022584,1835582.0537685698,69.84864131283958,4,0
0.46551383902949606,174572.75900705624,33.42581718094027,4,0
4.486078789766633,1508985.8327769004,91.64755276352469,3,1
4.502090285816652,896528.8836220639,70.36590807152507,3,1
3.16550728636634,1609413.0220533006,60.439656788239596,2,1
1.6951489552435035,118563.3516420333,19.989052229213296,0,0
1.7460478730633044,2259023.4015469593,50.23499894257829,2,1
3.629778394351197,2523283.408107813,51.43224440817337,3,1
4.485551299762886,2511331.4009005125,87.8107248570403,1,1
4.4354321213255865,1943097.547877661,59.19833981690096,2,1
3.899377729288119,337183.53441859805,44.23604940733687,1,1
3.2101582307714387,1965418.2038480265,97.91202956595934,1,1
0.42069982497524416,63729.28746121352,19.96485339936841,2,0
0.8081435704730688,57344.24556316088,48.02935854807502,3,0
4.492770942635397,838797.688035611,13.782220765426477,2,1
3.0321452982979498,1266563.1495288936,76.59137086902373,0,1
0.04598525808314824,1996896.0269578,92.62688969792356,3,1
0.5073577143301605,1771101.6161640615,35.20335965954405,2,0
3.317508845540279,1155779.8149285316,87.25075091192087,2,1
0.025307919231093434,709240.3190020779,36.2996407415708,0,0
0.8040402570874933,2584546.704408787,91.96931454795237,4,1
2.7436689468329307,1104661.935395642,77.85657132371055,2,0
3.459475988463466,1169995.167062519,82.44160991572947,2,1
3.259806297513003,424112.94452880655,11.620590004040904,1,1
1.121346547302799,2060146.350359817,96.65293213666233,2,1
3.560896106737679,1798024.3292256186,75.40038928632909,2,1
1.1862454374840004,572234.8363484669,37.427598584752,2,0
1.6269984907963386,213531.67023626427,84.64551983729622,4,0
3.732457025590121,1763854.1909776563,35.3369078573437,0,1
3.2481644952360735,1696493.0674167026,88.54784556095152,1,1
4.24611705247089,708288.6939793585,20.132235137074332,4,1
3.2880644615017167,2464638.3533530636,73.33173797147163,0,1
2.841543016677358,391542.0554960934,58.66286289804193,0,0
0.4683738391404624,1120611.8043024242,18.688102317589674,3,0
1.8385790152971677,2445852.4650744162,31.770444543295508,0,1
1.3260118384086272,1087933.205472509,11.11636326495833,1,0
1.2199482168954179,1655059.2563453098,52.189116891805526,0,0
4.865052773762228,1030564.6795195627,37.11387346840003,1,1
1.965488623333802,710765.8044877527,63.852173586798294,2,0
4.460232775885567,2550470.063511875,36.751402693775546,2,1
3.1556931299863145,1060993.7443685916,36.99272003562862,1,1
3.974056517708242,2317505.1359363166,76.8873878858443,2,1
2.5131854655259604,596042.3384696954,14.33285523805181,3,0
2.8845194231317954,552367.3928330159,91.26054956727886,0,1
2.4625884690943196,80699.54283665345,86.70374869520633,3,1
0.9762149389902225,1689120.411374294,70.10242149037659,1,0
3.6122605763075266,955220.2829319888,63.389941309664586,4,1
1.403861812204279,2240416.5835843394,90.3072248325687,5,1
0.1215798321572692,1226560.078144516,26.6797161575843,1,0
3.227361479535839,2509557.365154959,17.107224597174575,1,1
0.8855533970352447,480882.13670249004,31.55591529185843,4,0
4.702292921764571,2251471.2513409434,81.51204508301713,1,1
4.769642885012937,2012939.0424361946,13.120324005383498,1,1
4.574321951102243,1998229.4213173827,62.45261515751407,3,1
1.8507935012772219,2189678.127278973,99.5893764572179,2,1
0.07728308264433714,1972574.184524253,87.01264844537855,0,1
4.641592812938627,1623163.0736686287,56.93011201392305,1,1
2.1409207415865716,340186.7229527486,15.72768183579781,2,0
4.833274095218348,84307.85724132496,84.82361629471389,1,1
4.818099885446264,2386837.6215382605,63.90806573594895,4,1
4.265047277336801,1598357.615237753,20.343969735361014,3,1
1.4722444603479286,2064624.658210249,18.44715563410206,0,0
1.9254886430096263,1248105.9351205297,91.86641374929332,2,1
4.255683357584284,304062.82579052646,70.22802366442706,4,1
1.5846100257813882,324481.57338901074,84.635811938508,2,0
0.8474637334304624,1776985.2244974938,89.10810102540405,1,1
2.784006312291751,1115352.8795794074,61.459511684348996,2,0
4.680773870803905,519760.0916072728,56.570171657953715,2,1
3.480148983374865,1274213.0651538044,48.73846692888912,2,1
2.8503058504468246,166429.56489874754,38.52519290120074,1,0
0.4858824688538427,1508469.8737621217,49.11363647728406,0,0
3.075036133495849,697230.9042957731,79.64916901571408,3,1
4.950269250521316,2067273.1888515917,64.17310879136184,6,1
0.7004200761826201,804458.1975299031,90.32709609593614,1,1
2.591648261818684,1179930.6264200287,49.90420129412689,2,0
4.386865359639777,30120.439441796847,64.63806208468786,2,1
3.703843088771022,187782.3331634966,66.81767977827899,2,1
3.48507870497634,1017343.298206127,63.2527446075693,2,1
3.5124204199355464,1244001.4595867842,73.23703957769646,2,1
1.7974557560987758,1555253.2607252353,31.369012153732566,1,0
1.4679592213224668,755989.404014514,56.11273997912116,4,0
4.046805777392568,1801393.0488399982,19.38023225275129,3,1
4.050566973395904,2229437.2535144184,44.60601948803313,0,1
4.335361592900519,2021373.7632115628,53.8900361759138,2,1
4.566202762782357,102691.99530294172,68.70018335909252,2,1
2.556711994304689,1245474.0072922925,95.54779473275832,3,1
2.507581473435998,271979.02245990926,64.05859598935203,1,0
3.9914758948338758,627380.6811156712,76.92345245589038,2,1
3.2498196538888258,2557429.4417484435,55.56394535456825,0,1
3.509834386288517,369348.4472007223,67.06936282386982,3,1
3.978963347180505,1293118.093745915,16.383899452039607,3,1
4.450026709087831,1602259.6633525647,32.89524227576623,2,1
1.689975784257679,1820789.2036503174,42.56677838846248,0,0
1.87791476319972,1450609.3875980813,52.524401950586224,3,0
0.469909699204345,25326.036510524045,14.108387095214535,2,0
2.89140070498087,846187.710968427,22.60216877979859,4,0
0.17971136898371043,1341908.579653172,34.91328770121752,1,0
2.3279900906623006,227749.96578340806,97.43794218109456,3,1
2.713223173537883,908825.0056941966,39.82123063927457,2,0
1.432706260641422,86062.45798722214,53.383695230087426,4,0
2.9541663028450538,203675.46462581377,27.648794146455366,0,0
0.15250124969524714,1028825.131914537,64.97020639681915,2,0
0.18674094374607209,343999.23447961244,35.26148939643769,1,0
4.113002803298292,1471065.8786939587,28.62933205945841,1,1
1.8009532070563146,1787093.2000037928,56.491536560138115,1,0
0.6353025632594239,2075120.7240907429,10.495521924437874,0,0
2.611216300274022,518789.43308254774,10.68976293843028,1,0
3.849967765493054,434114.8532155088,29.7161928191672,2,1
1.0791051374842158,271039.84214676544,13.304922625073903,3,0
3.114452379095001,1649627.2068171063,19.722317871762222,5,1
0.42673732496884,1831185.0830540478,40.49745844048765,3,0
0.2584086058430385,81871.28738806416,82.23271116218315,2,0
2.65677315784074,2426662.142263644,61.484377903237075,4,1
2.7031756080505325,134709.56722461648,56.14009533607748,3,0
3.187149507491033,1403040.1011003747,36.413994088730945,2,1
3.6304566686133075,1837884.8664167754,93.85783474895348,1,1
4.879260397312673,2257551.968749854,45.73135371134725,1,1
2.5815017415059764,1850913.3280872528,17.838349011619435,4,0
1.6147823647062298,2078079.1913169003,65.53598645060211,5,0
3.9759309738435182,879854.8990709534,20.245455412894128,1,1
1.354161256310371,2112026.6948309597,41.07008285215229,3,0
2.1948571035281805,207657.68182907798,55.6670744846028,2,0
0.3922819067113298,2319364.7725088876,88.68002722166582,1,1
0.12675371707728755,1419359.4389904842,54.41919223061068,2,0
4.813242073389626,2118435.819742784,73.20328894284978,1,1
4.1799006025610295,1172408.9934714339,99.35351550991633,2,1
3.47987103046849,1668153.3859493928,21.834020790818347,1,1
2.044764722071349,1364435.6971464055,34.72583729675676,0,0
0.8664716003542289,1896280.0403898202,45.511846803788174,2,0
0.7821852133554302,211584.91342328818,47.96453606849482,1,0
1.2512144908229765,156432.60170354135,46.99189677389912,2,0
2.7461333235306022,640491.5825542996,91.68499023008994,3,1
3.5729796135003116,413539.8108533842,74.26293800201708,0,1
3.3009868835886564,2259663.004606987,64.71146926816334,0,1
1.3996694847297142,568202.6552320509,37.84354460765039,2,0
4.77432640331597,2529442.7430831883,84.14113457991652,1,1
3.6894845834788423,873233.8922707089,95.95544603364901,2,1
2.7717702625570033,472049.63746510854,83.90784542952039,3,0
3.058603731171761,2046898.530513306,10.140859467232561,2,1
2.0980003121389497,1707370.5540982708,67.27612331650664,3,0
1.2386549475057873,1291323.2970465363,14.602184329789065,3,0
1.779863393256308,1439502.3240303402,33.18464983003497,3,0
3.7892305523218455,1864171.009281708,15.357223031299451,2,1
0.07196744314877934,592154.6895307263,64.34159076544489,0,0
0.5803632025345812,2582497.510419075,71.79309221433462,2,1
0.23001321010876374,2526663.876284462,20.30388742593146,2,1
0.20364401159485068,1685644.1790112604,44.54549947404816,2,0
4.277302920055036,517214.0328083442,51.06128580599878,3,1
3.5182892969001185,1763151.604381907,43.214771958482494,1,1
2.370869145436626,187138.27607402377,20.892250043667374,2,0
0.4891708032550074,79451.28571744933,47.70530111687279,0,0
2.4580793755841617,667914.0470210658,77.60602430275763,0,0
2.3673588539028283,1199118.7038683079,16.39068980799299,2,0
0.8660093495500759,2250562.3340185224,17.21620126737131,3,1
2.169258246189865,1884822.2288342705,41.92941626523858,1,0
1.9925236719868673,1925095.3029503508,94.75531404570326,1,1
3.0792504902610824,1102878.7228894113,70.17153820506226,4,1
3.175468254338219,896663.5006817279,71.08029610053083,1,1
0.2265200488602226,961732.4736560902,42.572799175407845,2,0
1.873063073132356,2559987.669203862,63.42947120876846,0,1
3.1292995785711817,103963.02414115459,10.911806562496905,4,1
2.5156812929004384,2247345.6379493866,67.24864417685879,3,1
4.282449205941611,1499926.6590196437,92.1958252818613,2,1
3.293468158094725,1136891.1665394185,65.13161215103372,2,1
0.8146721354071484,1879867.8557960337,88.63287341197105,3,1
0.3528437370021492,1261445.8961728297,75.15757499194844,3,0
3.212096391031578,2263913.033107664,20.850257476332125,1,1
0.13255655270810907,2334619.231517182,91.22079765572576,3,1
2.9288779063673163,1093100.6424559965,15.97994599201974,3,0
4.701151207124788,717537.6504332537,58.05707252929874,0,1
2.877370889379395,1535372.051713995,22.79234114141119,4,0
1.9408496310326095,2364845.791838463,11.053594965781366,4,1
3.216441092211766,546036.3939026878,47.98308341148751,2,1
2.2912644524575834,1614729.3845965473,36.55366368887406,2,0
2.728083946579675,1637004.0904798133,53.74004444178427,2,0
4.707324043882625,1900228.9541004084,61.947989806109575,0,1
1.9305131890038711,341023.4398498574,13.936516507805262,2,0
4.805952819119571,1855418.3084559736,21.070296561137106,2,1
4.526753209780319,2356212.2935653413,60.27781568053828,3,1
0.9789556739464822,465738.6181916672,40.885061785539236,0,0
0.3468065043758273,615712.2982026909,75.62561387945031,1,0
0.5038900068871333,2517856.08375593,68.70624837327458,3,1
0.09110912825774864,469092.26142299746,86.10439266909161,3,1
0.472214803779642,2214566.162013949,72.32435440023028,4,1
3.4150338670817844,1275984.2039133061,48.69379696511333,0,1
0.35594324230114494,640822.9448530349,70.56699601549892,3,0
1.5948781514688064,2256983.7440983495,34.784305682987664,1,1
4.2243765548472725,1154231.2209669088,37.568214890039144,2,1
0.11635967867912933,1334406.581385757,81.0086643928714,5,0
4.072342412944679,931132.8934841927,50.1777564761424,0,1
1.4092738738669996,1536928.606919332,81.85423064665173,1,0
0.5908241381082813,423853.877740379,84.01801363014506,3,0
3.483685826820753,1013683.3430013638,87.18061038951554,3,1
3.14471423389942,2512716.739493065,92.49717122570866,1,1
4.387360067635265,669081.8575613226,48.78866984619666,0,1
3.675355219019429,1702261.4344910295,38.698013648902496,3,1
4.017404651924243,842892.6464704091,62.39788719347025,3,1
1.4101728628565324,2004842.3417796688,43.405518109386485,0,0
0.8871977188986141,339224.52858196275,64.09667501202097,2,0
3.753073758204292,2513776.148843588,73.50272763794422,0,1
4.03417369633632,1176222.4912663929,71.95645166429232,4,1
4.952525710003367,611842.8009940346,43.70975983181092,0,1
2.0630883845571324,190503.5690793928,25.017418152887753,2,0
1.860090428963916,440012.4899869056,48.74764046159868,1,0
3.882064803709984,1347254.0746571978,22.833472967371787,0,1
1.7040177012650892,873512.2333098941,90.10873316654275,1,1
4.653786628017824,2148465.6843677238,41.128971466407165,2,1
4.2920637592150594,1116860.461331401,23.90137725009914,5,1
2.1449701368750915,644667.3945471367,12.29029839151758,1,0
3.754355338957487,1599639.8052776458,68.12401476578358,3,1
3.7727143704234116,1831966.5461670756,67.3212085709269,1,1
0.515619344179663,432972.625279262,40.65437499231625,5,0
4.512764533397833,434469.00861931936,16.45406999628859,2,1
2.5262618622392856,95052.33861174338,46.86660054057088,0,0
4.132287330538708,1908754.0230501401,38.00957455570543,1,1
1.6002480051530588,1720581.3355957188,70.94085757615085,2,0
4.477616142481002,1230243.2299435176,64.52013245074212,0,1
1.9460083936708155,2188089.803728159,42.8134355377786,1,1
0.0541882574014918,2088297.0364465378,29.61032988294911,3,0
4.5269098820963185,1517238.5125163815,98.92323695400327,0,1
0.4564333839306678,2250559.159090366,50.860145907650335,0,1
1.5965681879520743,533540.4164153034,71.94468122022133,2,0
4.750309835254025,290095.6534789107,22.64976708205247,2,1
4.7530357346877805,699190.9930520371,53.703072969345804,2,1
2.8671894406164307,147969.1309835041,12.478304788251894,4,0
3.159186060848996,1376791.416578675,55.490960611940494,3,1
2.2422276098915987,2427681.95442854,96.76156664059322,1,1
1.4660538584903227,101978.457412777,44.57860416872202,3,0
1.6433227268495798,316508.89711398946,13.509641131742043,1,0
3.362592280385192,1172099.8813106644,12.786021182740917,3,1
3.7618726471884,2420604.0454323296,44.91880839521826,3,1
3.9578952186292424,819476.6240997373,24.402244281687466,2,1
3.9480907139727694,1314752.6241203132,12.101688669536731,3,1
0.45603051524345184,107756.85065861631,78.05922525551591,2,0
2.472101523512907,384505.57689373434,51.26707079937016,3,0
0.2877938000832214,2557345.278709331,36.032029477538906,1,1
2.7476444116186776,2501587.66116223,91.00748647148326,3,1
2.207652506866885,12804.430581989724,20.452506418047307,2,0
4.438520913791499,2467096.147817035,96.03269460597873,4,1
1.7545750627603933,1656598.878817777,38.25700456396176,3,0
0.5853350821380293,2249644.2193958974,89.95633050778132,1,1
0.7149584102641793,1178685.7058029629,64.26485888315153,1,0
3.8075531585873614,1336424.9060774166,84.40366237673388,2,1
3.0910903165813055,1267090.3360259372,98.56118468894178,4,1
0.5056133806139512,1728512.1555595025,35.956489403687115,2,0
0.42053403057498717,361976.05232836306,96.50219368668337,3,1
3.5048456572955997,77691.54494998125,45.05337054121783,1,1
0.36381503182096764,798154.4086043668,44.69607142632301,2,0
4.1093002964517815,1826532.5370133882,40.63483938290551,4,1
3.531211135782481,523204.14790268213,58.72668466128267,4,1
0.4067439032094988,1745536.8671781856,23.873053886063836,1,0
0.4241885704259596,2514012.023510045,59.834033682221005,3,1
4.933197892505877,243390.65532617245,58.75343311690036,0,1
1.8713539787806015,1743384.6904395274,78.5711631344383,2,0
1.8532107353344545,1150200.5684374485,85.0284965743827,5,1
4.063997836287513,2250224.7233464937,49.639721528118166,1,1
4.736242886919293,459172.25424762425,37.20999244163444,2,1
4.930005319114354,1795286.4681702184,33.3401407585385,2,1
3.766890926294708,2172394.8307679016,27.516145303438474,0,1
1.881297927654579,2448440.0568766682,15.18828239791224,3,1
0.4175035834933438,1770978.889326762,40.8203180951242,1,0
3.885734579637184,1288676.9883098435,34.322292291770495,4,1
2.792021248679025,1601460.0466015462,96.97756472797666,5,1
2.1211100462348815,2252201.7197688376,60.19379436250395,3,1
4.53177192547368,1479020.4632878467,41.25493351274568,2,1
0.5559874115307567,78763.25873420114,62.24208408943264,0,0
2.4631255214542955,2413019.0187540865,22.527703121112594,3,1
0.056768223837095344,1787253.3386738065,49.963937428198264,1,0
2.3433032099706312,1753522.695934623,66.36108892789574,1,0
0.28151637840918675,559029.9950148829,54.000804861320624,1,0
0.5940895813403596,1707831.1388430474,46.160092058889184,1,0
0.5876312338855244,1020896.5394555788,99.44635500097283,2,1
3.246051510580318,1687995.8764915476,89.22832859340343,2,1
3.7302243963271167,276289.13455831195,66.10653623434962,1,1
2.916843825485798,1705135.0295310693,61.24396250640545,0,0
4.810862742372709,2590480.377197568,65.85944318421257,5,1
1.8743528976185204,124965.60472656123,28.118089704018992,0,0
1.4285604314093037,2532835.4855016544,45.56239689378867,0,1
4.342995640947302,1054705.4341936805,13.551357960180939,1,1
1.117979192597263,2256992.9432741757,52.7991433738144,1,1
4.816112697203057,2027943.1746790449,58.87221255618969,3,1
0.06077237344908171,1469706.148477443,30.497476249288862,1,0
4.849394133538195,1914060.3503794384,96.76259624489623,0,1
0.21579955975288057,2277112.334893094,91.85091498435177,1,1
4.455715568490356,1047531.7137194774,74.99289119103153,4,1
2.6385055454314994,847669.9547719148,58.004796588882634,2,0
4.964823980596502,1730402.0553808117,88.29722436829165,0,1
0.3689828236769943,2093936.6815117423,21.758710944111662,3,0
2.7692714220066037,1975843.069340988,81.14588148473965,1,0
4.846512678095495,2067932.9778415805,21.23387325701635,1,1
2.615489220850744,1129031.9519951222,81.47895962944649,0,0
3.1469931906763127,2119826.288325656,34.819081142622125,3,1
3.4787434449230856,311581.8715206171,88.93815229163701,1,1
2.272705323838866,1411315.741914522,94.96378844428581,0,1
3.137790400420317,14926.448011131111,23.391637246460405,2,1
2.921571559615501,841326.4711015006,51.640804455885416,3,0
4.505790052454945,949868.2983866633,98.28886403464166,1,1
0.22723190170728935,1026879.61665119,53.506669237583196,5,0
1.4048159479611515,1802650.9997401228,87.71927702630906,3,1
4.752057420382794,1007142.5984927361,62.985836991818786,3,1
4.4513189194545815,1163013.8698375993,43.77969171276417,4,1
2.278283763928565,615714.3872262568,35.72051999732832,1,0
3.1006629890076836,967468.6439032495,28.290078197747853,2,1
1.3869059149056633,589082.8738660886,78.56183722399275,2,0
0.9406057986188066,189723.8344078059,44.78864561407251,2,0
2.3184920246999106,1564138.7540445316,56.0147915980676,2,0
1.766761140130264,1732007.5738546022,54.309293200106374,3,0
2.9182805592543604,1605718.9768569209,61.95511263098181,3,0
0.3886731848249242,1201376.5615310834,87.9019431062097,2,1
4.8719740383308325,984404.7422245637,98.26654092250864,3,1
4.931053722398015,2237760.819690171,46.68257877164353,1,1
3.490808570098726,1345459.9870730771,84.47670298956727,3,1
2.680481831720602,1242039.4268162628,78.80750151892458,5,0
1.5476380814316388,66464.2345702813,61.617605631001595,0,0
4.068975098534743,884514.3692069972,96.04424292507397,1,1
3.4236558627693965,985467.0438929416,28.042706397556252,2,1
0.8130846967244565,1033748.6480847661,19.83377892786593,0,0
4.554635922469212,1503806.7810372452,86.85657702598799,2,1
4.112686214615845,1383097.8011160688,49.52348349703735,0,1
4.74899956645962,1575690.0005206084,86.22719687863544,2,1
3.6285975419418,1982577.4139171964,90.37811846758734,1,1
3.0670759796789495,2107259.034752114,15.62118342571643,3,1
2.0912151814530944,1861375.0135790736,89.51182866874547,2,1
4.663642416770067,2476717.419915191,50.348714983247994,5,1
4.330319447502042,47258.85429712935,55.9389240103809,3,1
0.22609335053094703,507456.5388917515,66.39332599838892,1,0
0.13183487248626002,19602.971943344375,93.3744346057078,1,1
1.8823168343902479,1678254.459088731,11.720448498678763,3,0
4.052766653909164,2327695.182878366,52.91591214860354,0,1
4.936380646574722,631106.1127257678,71.89498381875046,0,1
0.7520844555176409,2402873.540112027,75.04362619284056,1,1
2.9706535767606757,156213.07563054172,72.32791883833971,1,0
1.9044542831551077,2422058.181479893,22.099161646730966,2,1
4.8495719890730165,911406.0053251324,36.94560295345131,4,1
4.210594615678543,262882.7873403692,42.28439728753121,2,1
4.1916435235556895,1259379.599810956,82.39934869115545,6,1
2.3434657989748513,665564.8635315566,35.088388517309774,1,0
2.074097511688326,738390.5618853039,28.963446748048284,2,0
1.3670353596535312,796495.5890889348,96.17032171342865,1,1
0.2818774832546356,2081443.1271822636,10.7976956602122,3,0
4.323611881275266,1397506.0291422596,99.80387701137803,3,1
4.064505045650388,806909.5562123614,70.9139168971656,2,1
4.998588366430653,1581985.1663419004,84.56223695042054,4,1
4.983184185369527,1856262.5475865176,36.51574567115738,2,1
2.7771585280131372,706641.4099013195,11.288374990035399,3,0
3.8449370759025525,1071919.271153711,76.40825667053771,2,1
4.72382864941214,315928.75392936805,85.07301373006082,2,1
4.248236953387058,469539.1139938914,76.64285187581672,1,1
1.2367405087159882,1765457.4774772355,22.856525857075475,3,0
2.2527206765504677,470288.19722706504,77.80851300312722,3,0
0.6457970757574749,1361223.49046502,79.20305038968769,2,0
4.770255136293612,1837847.9103845456,69.26864641030494,0,1
3.0308731722544002,277024.98466157605,78.95043395160276,1,1
1.1432140275173137,1470473.2732781179,86.1329295709959,1,1
3.3585034220292838,665010.7353539348,65.22437028137125,5,1
3.090641202289479,2495906.4606158067,17.974424257271117,1,1
1.7908135901642024,1253350.316298045,53.88650287004898,3,0
0.5677879609981451,2089132.68901721,16.988440120444455,2,0
3.357865977963998,1426187.1972690306,46.678872792918774,3,1
2.6015385045189667,112525.28515969127,46.63958402130649,4,0
3.8615919586781966,1641128.3655397058,15.940885972621743,3,1
2.600817505559967,2466037.462999655,41.39384805725314,3,1
4.2609075015927,1559377.8378192903,19.989828891218338,2,1
2.759534193872428,2123337.52363424,82.74116890082999,3,0
2.8046898576769315,2291863.152999073,95.29192233680237,2,1
4.383268013291725,591182.768891633,16.508482773214475,2,1
2.0174143310619854,549620.2250421235,95.96036865625312,5,1
0.6700761422532037,1583662.7231017705,57.031893940307064,4,0
0.14391338156669486,1065385.7937389787,36.96091101584865,1,0
3.775686278368095,2176920.497030539,16.917586774854716,2,1
3.1015477567673235,2332859.9358476447,55.056184126337605,3,1
3.5203988404961177,916068.2151526454,81.50639900416738,2,1
1.0648208075445535,613968.4888618574,73.63778295400283,2,0
0.6818573779338488,2023122.1355120898,14.520341031757638,0,0
0.07272332833940964,712297.2441407688,16.561165183111317,3,0
1.7529377940329849,2132216.3135874546,46.25859543693734,2,0
2.9495884342731653,1098329.5534575933,36.57614446431489,3,0
1.9612202254986615,1730289.3389634914,30.914589075044304,2,0
2.1873746101186455,247627.53345945993,35.29040490178423,3,0
4.520793472468742,1617043.3695616773,82.31344689671961,2,1
1.7412773351165018,1170981.823286898,93.63052482686685,2,1
2.569947445799054,1520489.1365508288,46.45924250748098,2,0
3.9182650637057153,435492.826474686,91.54999019192473,3,1
1.9827139116063508,1909976.74689532,38.93461311230938,2,0
3.1104335011393673,2236370.0249920483,52.87932877094124,1,1
4.311818543733726,561789.5618352905,30.342609803439974,1,1
4.747603118288211,248092.1279082592,67.64284379582597,3,1
0.7353674046451897,61271.21503210394,98.1083003657328,0,1
4.632938125807472,1663990.1291489454,64.31437864390408,0,1
2.460581465397691,1573587.7415421198,42.203267570219396,3,0
1.2912219414947916,1417039.6937548695,68.30357013914755,2,0
2.2956787811913064,601206.8731326082,21.06286106188488,2,0
4.900162876427386,1013228.341387094,89.97931722388587,0,1
2.463090469964348,1540882.6608025606,55.27755557018527,2,0
1.643758051437541,1287619.698162967,50.441476783567786,1,0
3.167004271583629,2560340.068396988,62.727830960816725,2,1
1.2007280938909655,353651.83862705226,66.23054765104622,3,0
0.3793166405433196,1801814.684091363,16.459822560386172,1,0
0.6443986095532461,1047994.2469263251,71.43554991010622,5,0
0.6402291947888622,1109893.4018871936,31.773851228397664,1,0
0.7595134675614718,1860013.4085859929,74.25573692559308,2,0
0.6941358632470507,1794794.504232766,84.0281314945777,2,0
3.2043737240160732,2569335.535676072,82.35626567972683,1,1
0.9094004219957241,332797.9982650926,59.72508706671002,3,0
1.728336416619316,269852.2112037591,56.81529030796761,1,0
4.483942049530059,1877486.213997697,22.858836520547055,1,1
2.3698082013143615,1499178.8888806123,79.7811535362822,1,0
3.3377886926051357,710624.4477230168,34.42684424020429,1,1
0.8615993560081492,205855.00441945327,54.70258805361519,4,0
0.9614450940433539,222026.18295394795,35.5846683634765,0,0
0.20434308133239432,2317742.7471293947,22.044552669972383,1,1
0.8446753153608227,497320.10567098163,66.66019272025629,1,0
1.3929516951597931,838179.0890034299,14.889883134061344,1,0
0.8850524213837341,587493.394572353,77.378071071358,1,0
0.44351266878527806,920150.4247163815,38.5828115735005,1,0
0.603179355503004,179946.60039787402,10.012122370403679,0,0
2.303893840163629,1345402.9780342367,56.001622531350684,3,0
1.0316685920289625,175251.76483102102,14.216671767484282,0,0
1.8213493052403773,2074524.068275561,34.85526020388095,3,0
2.5170863542742845,605781.7163118424,73.62788387101446,1,0
3.4519741431468267,1399710.8826548913,15.642065945967929,6,1
0.19656069920549468,2281164.9949593,85.54046431204021,1,1
3.997051994545213,1687074.1405703274,10.34379303927248,2,1
3.139501947454539,1381426.582741061,32.2141482281712,1,1
0.40879515974435954,840673.0880750535,76.68136505368643,1,0
4.3678931205338865,863140.958646849,38.46431347563761,4,1
4.604362002659066,1735310.1878737088,19.17031492594122,1,1
0.30538979927431875,2576809.2242852664,42.42105269203851,2,1
1.3843882407360186,1715487.1800895894,34.3353957746073,3,0
4.031006398965307,1445774.6178231046,85.84407119444994,0,1
3.7412984519182917,1893846.1225401259,38.20131258266288,1,1
0.9226050967818866,1205812.9470393974,81.00392245984065,1,0
1.0467466166835515,155888.95202123528,90.26849303296612,1,1
1.85236051395691,1457473.3467555423,49.04356776188766,3,0
2.4226149259551066,2482164.7374379453,91.89488294689528,1,1
3.0912738576514798,454385.22659105377,43.95862485668736,2,1
1.844568197848862,1788492.6770071655,96.76705748410974,3,1
2.3126735806657397,520820.1210042744,18.036057207301564,1,0
3.7373546906687825,1388865.3581542266,71.83173398529185,2,1
0.1834160144529895,250585.35748429724,54.44326364112358,3,0
1.2621847217201037,1167361.466781216,44.88839249100823,1,0
3.566747929422762,1959975.3484964778,66.94406908737409,2,1
4.476034188435997,900905.3908274416,73.34713824708982,3,1
2.5583872105783305,1723451.189870869,10.392694268527817,2,0
2.6605674263265784,2061806.298366978,25.025777987247885,0,0
0.5358600566988803,2403244.9080907414,74.17414455708868,3,1
2.237061834117273,608192.2761693356,69.97468722203858,2,0
2.6630863322751157,1035026.8537777266,96.94427546158094,2,1
1.2123525181736483,395062.30655244197,78.49340112257048,0,0
1.3462161547469047,2572517.2375945086,95.56954369582043,1,1
1.8864208155231132,2402786.5088597736,73.22864513813263,0,1
0.10035598888863184,1399568.8816872104,36.824698777549884,1,0
1.6103958279158914,2182550.299023684,19.482843002577084,1,1
1.0572400349827231,1350323.0770891334,80.3641477010442,2,0
1.6374867608895731,1616334.103303153,67.97342993283243,3,0
0.5988106590962561,231010.52804471506,14.336741115396661,3,0
4.452636403699475,1957660.929927726,42.40454193108805,2,1
2.9679622677702433,331033.3495825287,96.11198339358576,2,1
3.395511595722448,2141167.2976145535,55.03610311391811,4,1
3.9458561930366916,2027016.8032416403,48.94562224177342,1,1
2.492210994645286,1837066.256549795,51.192964464336455,3,0
0.43460144043711846,93727.7063201834,28.799445160464735,3,0
2.685532709092739,785708.6986102917,43.18364537783157,4,0
2.9342055901043955,681987.7812089047,43.283193038845894,2,0
3.72719737092165,933473.5681661775,14.711951816872517,4,1
2.158297731148397,227169.9996118695,79.08108656661264,3,0
0.6379015139778188,2428594.6772965146,47.485398871349105,2,1
1.4188795289936222,1435455.4079264794,83.9961898134781,3,0
1.8154114819931755,791919.013225597,86.53132010079058,2,1
3.229586206658006,1028976.0922565426,29.079464922879225,2,1
2.8538915233445596,1159148.9849885341,69.16181339531157,4,0
1.7804836294892312,1556740.51207072,52.50536237466835,4,0
4.932576243964898,1336641.0765893222,89.21410641293366,1,1
3.0288740967844356,2383063.9945717696,29.41666112588087,1,1
1.1861339586799724,1288129.347691912,71.00318802790397,0,0
0.5089123631020187,2571673.5744220265,64.69769100274503,3,1
0.7642956959216601,2206893.490475288,36.57713298146495,1,1
1.2297886419225406,540459.2532142145,22.294081328605536,6,1
0.8034068662977784,2412102.796357031,68.64757844295488,1,1
0.9328351202565288,301621.70331915404,76.47377123190977,1,0
1.4254758434692354,2118829.6444091685,38.4064609387015,3,0
0.8668679764737741,986575.5766912956,68.03493436200824,3,0
4.483827123132126,2275709.43859362,45.56178168503529,0,1
0.40116872830821104,2250002.9407585114,74.18861949543559,2,1
2.6225569478512734,2088958.637104874,27.92937474046478,1,0
2.0519841349483077,2047758.8909079032,90.11935023725569,3,1
4.911893084543032,789728.3285421217,35.866863681902174,1,1
0.5601945108402617,209742.78166884565,43.10073889805376,3,0
1.9892779952287083,1044524.6233592984,15.22827568723148,5,0
4.847352166376845,449775.5428450305,20.036099108914875,0,1
4.327535629469901,1801313.2224351808,56.42757124410953,1,1
4.0853603547464,897090.4911859401,34.08334090551743,2,1
1.289514135224699,2528781.6406288994,85.1932203167975,1,1
0.8544379369503291,1661399.6244791006,11.322404978945846,5,0
3.343216099622155,2131869.6209402634,44.11846438047426,1,1
4.646879945637929,343503.9517468711,40.36109920921834,3,1
2.783814465069649,2234341.5380506376,11.739486782584093,2,1
2.8580634473494992,2391786.6378107183,21.19315591004592,2,1
1.3998954683014209,1262464.493578682,47.227840742677174,0,0
3.8474646659596843,1571407.6146505335,54.357812600270194,2,1
0.9352187427876169,1982387.003940564,46.38607725293822,2,0
1.6183961820212183,453181.72185898933,57.78439105708844,4,0
2.127182193082084,1302651.2701932427,63.561850741511336,0,0
2.538051893422275,1033334.5679858356,10.893143901505207,3,0
1.2120486620754012,379401.38768454967,51.768564350815346,3,0
0.5741841236960177,952649.2225796495,96.71493167988295,3,1
3.0531002122081627,176702.62592719932,56.71290521165938,2,1
1.4431527662012789,66904.46281307026,70.97880407130579,0,0
2.9061911071130613,350351.0214893006,38.06774721251949,2,0
0.7718135763710116,2496394.3692391384,79.65922403374863,2,1
2.4057005092740873,1424380.557039884,79.56293336885035,1,0
2.6629471627579293,2503411.041709146,56.916644288872504,0,1
0.25911768411213454,1121034.5006317021,97.84124409512923,0,1
1.683021390969603,808227.4169569928,21.2995193286388,1,0
0.6720733846948712,1311919.7084819127,11.525289840062289,0,0
0.3168748523638387,1139214.2969365031,79.31423905813864,2,0
4.949801161949726,273882.8616064402,82.64399836283943,1,1
1.6117692248736148,1661021.8076770145,20.818650620851862,3,0
4.049372229273175,559970.9690648821,33.90245496627455,1,1
1.2732032738188193,1605971.9790951742,11.579712702996602,1,0
3.4075136111196462,1685321.2314960135,36.39777497025082,6,1
3.8011392994484328,394048.4193094559,79.58276865268044,3,1
2.9781937030392216,159018.23347085188,56.6164474941321,1,0
2.357880942750792,2023734.031089396,41.328603385145925,1,0
2.059204570736343,1191802.698410078,43.456536541569726,4,0
1.7443413327149764,150760.55795019324,10.121826314392134,3,0
4.64764572123913,2578693.4941040366,36.98204748087123,0,1
4.153097038938646,149767.21410258234,68.18128674741374,0,1
4.825134553332563,1801531.31320137,97.67749994347214,3,1
0.6214861174277236,2549695.774282768,86.23547442855096,3,1
3.6543373760182214,619954.8301276792,12.123546818097621,4,1
4.691702284105189,368710.3636372125,90.87045442073554,2,1
0.9061653308283008,314629.7629829357,80.48785719687633,1,0
0.3324813368338875,786089.1824952076,80.23385112138824,4,0
3.7056032464502953,261910.74213959623,51.21961831032144,2,1
2.8723655658995595,1794082.19767119,45.82047636590525,1,0
4.20914388379136,161460.3407531225,37.26241559498733,2,1
0.6988618831314475,1320422.156164255,15.91253730589292,2,0
3.976336559299451,2583438.2451869156,30.54118271443292,2,1
1.0081366002387226,2109810.9385596006,32.19432714802221,1,0
0.8182797143285225,1594648.7838947803,53.566936273918145,0,0
0.8213289896549647,793809.3850788975,77.26999659370246,3,0
4.07287360115691,1617138.0076679268,52.64288455581519,4,1
3.3259861034810005,1366091.474459001,15.206000450244455,6,1
2.6153271238455966,1104408.131043843,96.20108208893835,4,1
1.7941524206175123,338801.29651059705,94.8451887184701,2,1
4.386002704065541,2298078.1259032898,80.66705888335676,1,1
1.962225537113177,1165841.809744868,99.21951114077986,4,1
4.082997197357885,504461.5506394231,59.00340995202367,2,1
2.195674542851092,953232.2374739347,96.64915152278854,3,1
1.884722147124538,1073424.3185549788,16.80445365550757,2,0
2.313398928348032,2144978.225309338,42.91126734352342,3,0
1.5068893708207103,1901528.4744151542,30.284314120608926,0,0
3.7380469008812556,1994038.2843183528,27.6249775720843,2,1
2.513601950462396,28593.037399053577,22.672265400340848,2,0
1.1610634757340865,1078671.1632819418,66.0172277409397,2,0
4.497872866372842,1247644.0410387588,80.31896701725745,3,1
1.9194561068660572,49746.38152536293,62.04685594783246,2,0
2.717764305569943,673435.8370671287,23.22664386293887,2,0
4.532360554822735,1970671.221532574,83.00113929401238,3,1
3.1211899795699605,355388.35724956554,67.23592364473556,5,1
0.5844902035418204,1387523.8607251176,44.934913551429595,3,0
4.699160618067376,557803.2522686796,70.67172659824567,0,1
3.138540265357089,31417.047876971363,33.39144813185496,2,1
1.6745280732854306,625194.1780980115,41.06729876447895,3,0
0.6963603633169363,2529464.7727268594,92.57372588187911,2,1
3.9701259463514798,2077584.194000709,36.145405510427835,3,1
3.1003637796425676,2487222.6620801184,52.298944134214295,2,1
2.6673054598816077,1264517.6818571314,90.11270236564131,0,1
4.4694629152547884,284436.2269720891,73.69492152407747,2,1
3.9429860561226535,1420310.9954198122,15.598290354823249,1,1
0.7583743986637559,1177746.0511794186,23.257273985107332,2,0
1.5586103389777413,2188573.5584610845,10.705743169472514,2,1
1.2424456990723287,254230.04939276198,66.7829611206247,4,0
3.719731462863385,1265521.027160449,50.29060828693765,0,1
0.1676621736788969,388926.1388868072,22.084736581204798,2,0
2.8494484243565825,841560.0024990354,96.21407089510934,0,1
3.8122934287034527,1911229.5445891768,57.66937515510579,0,1
4.383828183808747,1233838.991323843,31.770396470160026,1,1
1.7104087435795372,974302.4350978341,55.05432140392368,2,0
4.1062865233600645,1022482.5140535316,71.1658299461597,0,1
0.5531586847760361,1190886.0237083174,16.861529617620803,1,0
4.232261458672591,2034762.8816256514,34.72334335431028,4,1
0.6374433116599121,2312283.5137330876,82.62689417955943,3,1
1.9864364528018363,2476227.507418182,51.36983833623951,4,1
3.986476828897768,2039653.577173725,59.191942782906544,2,1
0.7495871367438689,817534.673778849,48.953440198852235,2,0
1.1462569761632073,1783645.1581763173,13.95099483787046,2,0
3.611262841965331,1134267.2975515758,24.917480183814035,1,1
3.600182682730372,660106.2523433646,50.09874748677018,1,1
3.2057381644264864,2179539.133871991,28.826691886713505,1,1
3.4697422223355003,99601.0965103464,14.498112579371085,1,1
2.713622216737981,2337367.0836150176,85.92846976466413,3,1
1.2589952945347638,1196149.5883073108,98.30732762477042,2,1
1.7284799675195972,1651626.2278870628,81.38285865970656,2,0
0.9079885840071283,1709045.3663573887,86.84064295342003,2,1
4.542252806668142,2320145.183911342,31.777941728534085,0,1
2.916958973830602,1650247.8161774015,96.45642779618798,1,1
2.0042570838181994,1591315.85169808,27.723313400808554,4,0
2.3100290182206633,172762.0891333084,95.6286829325649,2,1
4.7364166980590765,1343713.592881969,99.5337364569356,4,1
0.766757015580401,389238.05011777196,74.05505251714439,4,0
2.931149160083986,1911428.3285260906,98.30293586126398,2,1
2.52944339442233,1327679.2187464524,61.25858016103933,1,0
3.0572711771732393,1763150.403708052,33.35876048584813,3,1
0.09055091910420254,108016.15836138002,49.32962970990588,3,0
4.360619544720757,219780.90559072196,63.42048418409074,1,1
4.660591412418062,1856710.2218584723,16.577340582431347,1,1
2.825665917946045,186842.59890856137,66.01089381555215,4,0
3.483254119384461,184697.4383675503,98.3060053086065,1,1
4.612496905886479,31385.16780882827,27.109688480535485,4,1
3.536193171566993,2479251.6243922524,81.33356046595449,0,1
0.7626952145713067,1911621.667717746,91.71089144016574,3,1
2.881441800834066,915627.6508373503,94.93314335381987,3,1
3.0335752319142797,768620.2266976023,96.41220439649025,3,1
2.12065335651193,906430.7715012421,56.93136748493247,2,0
3.6822211781236143,2007901.9528216233,97.95771171923533,1,1
4.671835073845074,1714272.623894514,78.1579186420995,0,1
4.627842564533882,480026.9119124769,24.55042926132657,2,1
2.2541968570206605,451291.39718594664,52.9210095821173,2,0
0.5661902292037763,255041.52405712585,74.64980578348036,2,0
4.924205994811673,1711504.6494658685,32.2606284237175,3,1
4.194490432229671,1981253.9404787396,67.65536651939986,3,1
0.6233134060163342,687000.3422184105,69.99404311419573,1,0
4.604209413086862,54289.33899212601,24.64297694277093,2,1
4.349481810310642,212988.96209889968,60.85767812074806,1,1
2.5941902856303605,2508693.210318319,79.44642198807469,2,1
2.9563771787246464,765792.8632214733,54.900609808234776,0,0
1.9950135193506513,1993826.3991964422,11.089280509849669,1,0
0.27380819411015667,1619127.9704702517,10.813462217136296,1,0
1.6759862082295047,989987.5459803062,42.1326409573011,2,0
4.014267242990057,533141.3836108788,93.35746615886038,1,1
0.023160115023014294,314633.59586918144,30.580910164324788,1,0
1.667495858455721,1594113.6131567422,67.09273199845185,2,0
1.9908434679547167,2007850.7594131464,29.986828362398853,4,0
2.6869780146896143,1668999.8251786106,38.950299069359374,0,0
4.599278082063803,1374543.1293818185,86.32378806413355,1,1
1.7317299718298063,108737.5711348012,75.59752980429522,4,0
1.7347660094811386,2510322.9115246427,18.585934958188957,2,1
3.6875062405487418,2070267.1847686572,48.58318188877902,1,1
2.2610897044490357,758994.7191289006,12.625278728073802,1,0
1.1230241146999098,2540083.0936981407,53.28011319427081,3,1
2.262197580663467,1560077.080337347,69.61906105309612,1,0
0.7042851018989993,1509639.530073183,20.66523612383364,3,0
0.8819349325311165,1939005.6810813472,35.99964450182491,3,0
2.4918388636973985,2104107.2907296363,45.805296295194125,2,0
2.0946272475227397,1701592.550203255,92.75779221904448,2,1
4.5742295053405,332024.17458119045,99.39295138806676,4,1
1.8119694955831656,876789.3755377398,14.042016909605426,1,0
2.9029417513902174,2405592.7957251207,78.49071311458529,1,1
3.1613214395976517,582203.6658992642,43.45516597621089,2,1
0.06547228294166818,964656.9257868346,45.3212367606532,1,0
3.317686860083553,1119943.280591356,77.88384760123205,3,1
0.8901798343487571,1138937.7332880201,92.65837889308678,3,1
4.805351587347276,1588739.3978258101,95.58357350522935,4,1
0.7433136387655648,2444452.571434282,61.94103274344887,1,1
2.0731206186351185,623875.5090698529,42.14090433704526,1,0
0.4267483403932193,314931.56737197965,80.87941772729013,1,0
4.984371259229737,511843.5097169575,32.59012449360702,1,1
2.510975051656213,2298909.3413424264,60.7666625950166,2,1
2.976925086600219,1673941.626402294,42.272061537238585,0,0
0.3353823869421374,741070.3977079031,69.09679663370885,1,0
3.749802351995889,2114934.465806656,31.635902160415622,2,1
1.0495279654779288,2232671.030574026,27.24336511613432,4,1
4.490271447203568,2194165.1658852007,92.64151780078933,0,1
1.0256982024100358,2381857.575193725,19.162331465458323,0,1
0.9534386033183329,653808.7242893532,55.53621169614385,1,0
0.1827483392404744,1957068.6793103532,29.876750466670803,1,0
2.360334725549996,1193718.376934571,13.50369669931007,4,0
2.824205666313082,2182460.2490910394,13.241693646228375,2,1
0.32854319714176183,1888247.8352029014,25.76995948952446,2,0
3.877638083475053,2012551.7813272863,88.00933190554002,2,1
2.266444173740138,1700771.4832693373,35.4230869579324,5,0
2.6219513466379003,459895.3704654802,95.54132535177662,3,1
2.2038137346911406,1412709.7737808642,62.34600636902742,4,0
2.00381530437663,2552263.964847525,49.29527707918895,3,1
2.7982016565410897,2429709.8683605324,62.207995120250914,0,1
0.7762012296535625,111906.32318585424,56.5028546703641,3,0
0.9096406524763556,427200.00237070106,78.28986283815927,2,0
4.3089281050675865,341440.9807942245,35.424645937556704,3,1
4.7305773106681634,1881739.926681886,41.77453524402721,3,1
1.8665465813987647,2119699.5749892015,90.46848722799257,1,1
1.353723365717769,553421.4614772616,95.1810861835365,1,1
3.2199977161950786,1311170.1801311409,90.33024047378271,4,1
2.043670855490482,2179102.2486050306,47.75031945615822,0,1
0.1269317783017243,1899421.6040341216,80.23289527061935,2,0
0.7807629868309518,1405478.8366348709,52.87021599709889,3,0
3.579861144236988,1530181.2136691394,54.778586693149194,1,1
3.294619709550757,1317670.5376069976,28.421209815155557,0,1
0.13547996251741745,771245.5858183829,63.20172729326648,3,0
1.109860809664747,1464537.0054905699,26.752230797801314,2,0
1.155373982940357,1785590.702913835,39.84082291604744,1,0
3.359463717993642,2263652.9979112134,86.95271814579417,2,1
0.09855268877182077,1649267.189514211,28.63682282897697,1,0
0.5205429099228692,1972827.0240158655,16.404245665608954,0,0
3.999580426865947,414905.6778022532,16.21068333515347,2,1
0.8927233102716681,1196356.9736960954,94.6706068452797,0,1
3.2637305392593734,24187.558591825822,55.622839416565114,3,1
1.1909139052336326,639391.6168400468,46.84708646353165,2,0
0.4972069637967258,1882988.7655729086,82.97907229071266,4,0
1.2158609549972703,2570771.39389755,85.22433351194644,1,1
3.6113346592782958,257069.63413006364,39.89719298040441,0,1
4.278482340531429,1040673.2667124592,72.42562517264157,0,1
4.151099322834958,2073783.9508682215,79.40105342666979,4,1
1.9859176480922742,528860.3649581058,68.91856181793591,0,0
3.3404256828532306,1438780.188591526,23.643556732008943,5,1
1.0249214770791049,1900120.799308917,88.82947751653514,0,1
1.4657386513050663,1596634.287074384,58.51850974624078,3,0
4.4816790926055985,487360.11212315864,35.422518373300335,2,1
0.06500961755368018,921156.8020334366,48.27053668939245,1,0
0.4275426542723404,2031588.3053861496,13.381398135901664,1,0
1.0394312757301365,1436555.1246301872,21.50801211001758,1,0
0.13266101936909858,13555.158303229813,78.89920754642748,2,0
0.9071771754489866,1972488.0499928193,10.001047127982952,3,0
2.915207804848461,91527.03200509967,47.490924563406296,2,0
2.1071227529624896,1932941.9648393537,57.02591629770296,3,0
4.4633585553848745,524829.6119482954,14.917097800087507,3,1
4.087217808692205,2483326.4604694336,97.57703466750996,1,1
1.7090867584893799,953702.427375003,30.351279812470473,2,0
1.2971171671564625,847406.749548301,37.37788476726528,2,0
1.8984620408363346,385917.8264616966,37.35482610295246,2,0
2.9514747125740386,792126.126550637,30.73749959056149,4,0
1.3403182041143813,2272278.774658696,10.132643987768027,1,1
3.12074453924567,2582498.603129825,75.64103146791967,0,1
2.0470582609562022,954658.3030737509,97.01609498193568,1,1
2.7602359042599014,1162798.7554341743,30.186413495654055,2,0
2.1806326456765834,1871607.8718214943,69.67424726230801,0,0
1.4723287977095882,2297019.462965473,76.77066942628436,1,1
4.742266534810783,1537170.9142121444,86.35828411814722,0,1
3.818028970798804,1014834.6096769336,48.03662773122482,2,1
0.7005658788322627,1069515.8114796327,37.26378150763863,2,0
4.342339879489564,1803042.2357197234,39.2765620620728,3,1
2.437155991247568,8341.739262290343,74.13591997886616,0,0
4.472761134470457,1605975.562695907,83.51015198550725,5,1
3.999276279736576,921437.8830639983,26.34525709809424,5,1
2.126067522346167,2058559.4826702024,43.38469073419887,1,0
0.11234654160058699,241031.73842155855,91.17461770742351,4,1
1.3433867969247304,1524620.2759302282,82.60241677252652,2,0
2.7081710733043347,1246681.7305848328,98.63725624862282,3,1
3.1673910991307364,1664907.7631463495,77.88234337138726,2,1
1.2894384271660115,168100.51689985394,45.38756809251301,3,0
0.6967803703641207,1503317.9770137162,63.1574050595174,2,0
4.174651183996495,1455368.0519910855,69.49128288225883,2,1
4.92201090351776,1453230.964726715,17.061023468541155,2,1
2.628450911513429,1564240.0318180108,59.00472631934786,2,0
0.8583964292415175,1753404.893290731,73.83887456253487,0,0
1.3615366325968448,2086531.4871725552,25.058917360095435,4,0
0.09195338273733367,699375.3065723316,80.25685456830014,4,0
4.571494032802495,2138528.071186721,62.539550246270046,1,1
0.5887554144507057,1291478.7284268718,95.69996071278352,3,1
2.882582377571268,199735.0595161864,13.818006838620253,0,0
1.37027610343603,151764.0086003941,33.87935237999203,2,0
2.770890012578967,866345.7220601896,64.13984913698417,0,0
3.257101941759321,2034452.9646729238,36.69039209853376,3,1
4.1487090185360085,1834308.9828484536,74.2981747664118,2,1
1.032106358803016,2044089.9884308774,78.3104754269738,1,0
0.05497914329240239,1340761.3942966515,19.2264367659827,0,0
0.6844281503440364,1140995.8027006316,56.24690177860909,0,0
4.500093209240525,382196.949222688,55.80015000319503,4,1
4.369450387812576,850675.6173553355,43.2352693193987,2,1
2.9870655108515414,1124978.1971226847,93.96323763127049,2,1
3.002584302168267,229652.31372956786,84.47556878858991,3,1
3.3251833727312774,571826.1814274596,72.7488443718673,5,1
0.876856393117248,1550599.962213211,74.28939721614978,3,0
4.572059729624799,1906838.79210798,51.55445294318072,0,1
2.0938526244603657,2587716.7495305254,92.88950689869183,0,1
1.9156926412474873,2418629.7548425016,72.51358845279569,2,1
2.5945885264141877,1665528.9971952164,75.60829554902348,2,0
0.23482983387527523,1091874.9541382347,87.55218134086107,2,1
0.831416843780397,1648971.7293237392,34.66644304079719,3,0
3.6901680821318523,2036408.9940639613,82.63638134800327,0,1
0.41399333962563234,306727.40687341994,27.571654266084284,0,0
3.015760547331941,1062473.4740927792,41.0807757020399,3,1
1.2267455484066048,2176767.5243675197,40.20494088428585,2,1
1.9464780702098827,994895.0114104501,98.06729215502266,3,1
1.4434686838534994,1482292.9270208676,87.08835013731341,1,1
1.7783635823247457,1523498.1833548178,73.10528754312338,3,0
3.5952295259212272,478162.4481223932,75.4351085453851,3,1
1.4856085781158752,938914.2647627315,60.586551496231394,1,0
2.832023201484486,867053.2604190881,95.23816003976671,3,1
2.3802520109954983,67901.86851511194,54.66328775941254,4,0
3.3183558268132405,62705.05200639279,44.246593888290505,2,1
4.68414869662379,2155758.737207605,24.67318032384319,1,1
3.6628604860512515,707799.5394495297,80.75850870349522,4,1
1.074701892953784,1342860.1620910096,76.09995388680323,1,0
0.15591567530642336,774296.6867420997,44.59195346717214,1,0
1.3113202214991255,2438240.6033389624,12.267407256330642,3,1
2.9753896535012743,672097.1989800856,85.50975949462097,1,1
0.25712906742125174,1113670.4586193198,11.027618510866628,4,0
2.481831236006182,2262116.809256088,73.33298016661459,3,1
2.984214244584446,2182291.805124368,97.32313987534513,0,1
1.6712194540848042,482374.8750575508,49.38951953333831,2,0
3.8545610187291097,2080451.4589904814,31.14760644963575,3,1
0.532991265668859,1187620.4104246178,73.43839090390435,2,0
0.3756889086790438,1251855.3164452408,83.54153278140267,1,0
3.6409437810180165,345980.0885021263,59.17872844700626,4,1
2.4774565810309923,208919.1236584671,97.03317477305316,1,1
3.44201198213868,1886818.6836759993,14.650184949216499,1,1
2.174136693018731,1286827.306904937,55.43160384740753,0,0
1.232010166195534,1132317.0211785454,74.6608552590295,3,0
4.095511588370998,1890885.3286670123,87.63764240342611,0,1
3.997079394844896,1984209.4341849564,26.133005071701103,2,1
3.473482354272134,411889.9705989644,82.00031335873133,1,1
1.3607256861498134,1581703.5874460463,59.743636814669074,1,0
2.9511533343454355,350837.7812637609,45.68983137909669,2,0
1.8048694847001339,1947564.2229872865,21.854352572118422,4,0
0.45791036663317075,1702827.7650444256,87.87661830180211,4,1
4.586567877311214,2479545.097848323,24.154588736174382,3,1
0.684093154594807,178739.17839584372,37.880907328818935,4,0
4.751186769104012,147885.83722405118,36.10409787661932,1,1
2.230028864789779,731428.8976047748,88.42726307717689,2,1
